{"Evaluation Reward": 164.84262390715287, "_runtime": 171, "_timestamp": 1645836884, "_step": 2, "Episode Reward": 171.32626113965608}