{"Evaluation Reward": 164.84262390715287, "_runtime": 660, "_timestamp": 1645837562, "_step": 5, "Episode Reward": 335.172406212419}